Назва моделі,Ціна
Ноутбук Asus V16 V3607VP-RP019 (90NB16R1-M00120) Black,65 499 ₴
Ноутбук Lenovo LOQ Essential 15IRX11 (83SC0065RA) Luna Grey,62 999 ₴
Ноутбук Acer Nitro V 15 AI ANV15-42 (NH.QV4EU.002) Obsidian Black,46 999 ₴
Ноутбук Acer Nitro V 15 ANV15-52 (NH.QZ7EU.00D) Obsidian Black,51 999 ₴
Ноутбук Acer Predator Helios Neo 16 PHN16-73 (NH.QX5EU.00K) Abyssal Black,99 799 ₴
Ноутбук Acer Predator Helios Neo 16S AI PHN16S-71 (NH.QZEEU.00A) Abyssal Black,94 499 ₴
Ноутбук Acer Predator Helios Neo 16 AI PHN16-73 (NH.QX5EU.001) Abyssal Black,93 999 ₴
Ноутбук Acer Predator Helios Neo 16 PHN16-73 (NH.QVUEU.00K) Abyssal Black,88 999 ₴
Ноутбук HP Victus 15-fb3047ua (BV8X9EA) Performance Blue,64 999 ₴
Ноутбук HP Omen Max 16-ah0010ua (BW7M8EA) Shadow Black,157 499 ₴
Ноутбук HP 250 G10 (AK9T1AT) Dark Ash Silver,36 999 ₴
Ноутбук Acer TravelMate P2 14 TMP214-55-G2 (NX.BABEU.00Q) Steel Gray,33 999 ₴
Ноутбук Acer Nitro V 15 ANV15-52 (NH.QZ7EU.007) Obsidian Black,55 599 ₴
Ноутбук Lenovo ThinkBook 14 G7 ARP (21MV0032RA) Arctic Grey,47 599 ₴
Ноутбук Acer Nitro V 16S AI ANV16S-41 (NH.U03EU.007) Obsidian Black,65 999 ₴
Ноутбук Acer Nitro V 15 ANV15-52 (NH.QZ7EU.00B) Black,62 999 ₴
Ноутбук MSI Vector 17 HX AI A2XWIG (9S7-17S372-030) Cosmos Gray,165 499 ₴
Ноутбук MSI Stealth A16 AI+ (A3XWJG-084XUA) Core Black,222 999 ₴
Ноутбук Dream Machines RG3050-15 (RG3050-15UA77) Black,58 999 ₴
Ноутбук Acer Nitro V 15 ANV15-52 (NH.QZ7EU.00G) Obsidian Black,51 999 ₴
Ноутбук Acer Nitro V 15 ANV15-52 (NH.QZ8EU.00K) Obsidian Black,56 999 ₴
Ноутбук Gigabyte Gaming A16 3THK (3THK3UA893SD) Black Steel,68 999 ₴
Ноутбук Gigabyte Aero X16 EG61H (1VH93UAC64AH) Space Gray,99 999 ₴
Ноутбук MSI Stealth A16 AI+ (A3XWIG-068UA) Core Black,179 999 ₴
Ноутбук Acer Nitro V 16 AI ANV16-42 (NH.U1KEU.008) Shale Black,42 999 ₴
Ноутбук MSI Raider 18 HX AI (A2XWJG-404UA) Core Black,259 999 ₴
Ноутбук Lenovo ThinkBook 16 G8 IAL (21SK007RRA) Arctic Grey,78 699 ₴
Ноутбук Lenovo ThinkPad T14 Gen 5 (21MMS11300) Black,73 599 ₴
Ноутбук Prologix Optima S15-125 (PLS15.4CWN.189) Black,34 999 ₴
Ноутбук Lenovo ThinkBook 16 G7 IML (21MS004GRA) Arctic Grey,49 199 ₴
Ноутбук Lenovo V15 G5 IRL (83GW00CARA) Business Black,28 999 ₴
Ноутбук Lenovo ThinkPad E14 Gen 6 (21M4S21N00) Graphite Black,47 939 ₴
Ноутбук Asus Vivobook Go 15 E510KA-BQ1188 (90NB0UJ5-M01SX0) Star Black,19 999 ₴
"Ноутбук Apple MacBook Air 13"" M5 16/512GB 2026 (MDHA4UA/A) Starlight",65 999 ₴
"Ноутбук Apple MacBook Air 13"" M5 16/512GB 2026 (MDH74UA/A) Silver",65 999 ₴
Ноутбук Lenovo LOQ 15ARP10E (83S00081RA) Luna Grey,42 999 ₴
Ноутбук Lenovo IdeaPad Slim 3 15IRH10 (83K100UTRA) Luna Grey,35 499 ₴
"Ноутбук Apple MacBook Air 15"" M5 16/512GB 2026 (MDV94UA/A) Silver",88 799 ₴
Ноутбук Gigabyte Aero X16 1TH (1TH93UAC94AH) Space Gray,70 999 ₴
Ноутбук Acer Nitro 16S AI AN16S-61 (NH.QZWEU.002) Obsidian Black,105 299 ₴
Ноутбук Lenovo IdeaPad Slim 5 14IRH10 (83HR00BURA) Luna Grey,36 999 ₴
Ноутбук Gigabyte Gaming A16 CWH (CWHI3UA864SD) Black Steel,98 999 ₴
Ноутбук HP Omen Max 16-ah0000ua (BW7Q4EA) Ceramic White,230 099 ₴
"Ноутбук Apple MacBook Neo 13"" A18 Pro 8/256GB 2026 (MHFF4UA/A) Indigo",38 999 ₴
Ноутбук Gigabyte Gaming A16 3VH (3VHK3UA894SD) Black Steel,73 999 ₴
"Ноутбук Apple MacBook Neo 13"" A18 Pro 8/256GB 2026 (MHFD4UA/A) Citrus",37 999 ₴
"Ноутбук Apple MacBook Air 15"" M5 16/512GB 2026 (MDVQ4UA/A) Sky Blue",88 799 ₴
Ноутбук Gigabyte Gaming A16 CVH (CVHI3UA864SD) Black Steel,86 999 ₴
